<?xml version="1.0" ?>
<manifest identifier="_lShGfp0wtl-y3RHb-2VjzWeEzhdQbnvX1VSahPs" version="1"
  xmlns="http://www.imsproject.org/xsd/imscp_rootv1p1p2"
  xmlns:adlcp="http://www.adlnet.org/xsd/adlcp_rootv1p2"
  xmlns:xsi="http://www.w3.org/2001/XMLSchema-instance"
  xsi:schemaLocation="http://www.imsproject.org/xsd/imscp_rootv1p1p2 imscp_rootv1p1p2.xsd
                      http://www.adlnet.org/xsd/adlcp_rootv1p2 adlcp_rootv1p2.xsd">
  <metadata>
    <schema>ADL SCORM</schema>
    <schemaversion>1.2</schemaversion>
    <adlcp:location>metadata.xml</adlcp:location>
  </metadata>
  <organizations default="articulate_rise">
      <organization identifier="articulate_rise">
      <title>Journey: Develop a Vision For Your Life</title>
      <item identifier="i1" identifierref="r1" isvisible="true">
        <title>Journey: Develop a Vision For Your Life</title>
        <adlcp:datafromlms>eyJjcHYiOiJYMVZTYWhQcyIsInJsZCI6ZmFsc2V9</adlcp:datafromlms>
      </item>
    </organization>
  </organizations>
  <resources>
    <resource identifier="r1" type="webcontent" adlcp:scormtype="sco" href="scormdriver/indexAPI.html">
      <!-- SCORMDRIVER STUFF -->
      <file href="scormdriver/indexAPI.html" />
      <file href="scormdriver/preloadIntegrity.js" />
      <file href="scormdriver/driverOptions.js" />
      <file href="scormdriver/AICCComm.html" />
      <file href="scormdriver/auto-scripts/AutoBookmark.js" />
      <file href="scormdriver/auto-scripts/AutoCompleteSCO.js" />
      <file href="scormdriver/auto-scripts/CourseExit.js" />
      <file href="scormdriver/blank.html" />
      <file href="scormdriver/goodbye.html" />
      <file href="scormdriver/scormdriver.js" />
      <file href="scormdriver/browsersniff.js" />

      <!-- RUNTIME COMMON STUFF -->
      <file href="scormcontent/index.html" />
      <file href="scormcontent/lib/main.bundle.js"/>

      
        <file href="scormcontent/lib/fonts/icomoon.ttf"/>
        <file href="scormcontent/lib/fonts/icomoon.woff"/>

        <file href="scormcontent/lib/icomoon.css"/>
        <file href="scormcontent/lib/main.bundle.css"/>
        <file href="scormcontent/lib/player-0.0.11.min.js"/>
        <file href="scormcontent/lib/lzwcompress.js"/>
      

      <!-- RUNTIME CONTENT STUFF -->
      <file href="scormcontent/lib/fonts/Lato-Black.woff" />
<file href="scormcontent/lib/fonts/Lato-Italic.woff" />
<file href="scormcontent/lib/fonts/Lato-Bold.woff" />
<file href="scormcontent/lib/fonts/Lato-Regular.woff" />
<file href="scormcontent/lib/fonts/Lato-Light.woff" />
<file href="scormcontent/lib/fonts/Merriweather-Black.woff" />
<file href="scormcontent/lib/fonts/Merriweather-Italic.woff" />
<file href="scormcontent/lib/fonts/Merriweather-Bold.woff" />
<file href="scormcontent/lib/fonts/Merriweather-Regular.woff" />
<file href="scormcontent/lib/fonts/Merriweather-Light.woff" />
<file href="scormcontent/assets/loWPNJ7iYGmjxFAK_small.png" />
<file href="scormcontent/assets/kbj7t6HWrZ7nMYWR_n57tzxs1QOQLmASP.png" />
<file href="scormcontent/assets/SDGZBL5WyLqQvP_G_9jExuCHBoMVv8SZ5.jpg" />
<file href="scormcontent/assets/plVrN5o8vjlaXVn6_ELT-T3OJFBeT3rS5.jpg" />
<file href="scormcontent/assets/ok1GPtcVm_Zwiqfd_vb2wxhAHZWG8veWF.jpg" />
<file href="scormcontent/assets/1Is4YSeCcsvigB3m_uOEzh7NaQ1J5v1wg.jpg" />
<file href="scormcontent/assets/j3xVtGJpZD_v3bqS_OvbmMXIS-A4-FVZ-.jpg" />
<file href="scormcontent/assets/nY0_-U_ZILlrw1Ye_fKB3J075U5lPS52Z.jpg" />
<file href="scormcontent/assets/Dz6ZeFdM4JAVzFaX_JUOdeoPeGlafQmm8.jpg" />
<file href="scormcontent/assets/3KTY3iFbE8z6mWHC_zPqZUkgZ1zDsyT0-.jpg" />
<file href="scormcontent/assets/XeOafauYD-cmQwaT_U5J-6ZQ0aJNmeRbq.jpg" />
<file href="scormcontent/assets/a1BTMKMGhPW127KE_l0lBLVYidlxllFYm.jpg" />
<file href="scormcontent/assets/iVJPv1n0H38WTfd5_FPeI8P7I9ysDr_4J.jpg" />
<file href="scormcontent/assets/WANe-Taz2l5BlnNc_mountains.jpg" />
<file href="scormcontent/assets/s63fknSpj_miZPpB_8aInx5MBoqHl2hz5.gif" />
<file href="scormcontent/assets/Q9PD7Kdz8OeKgHJT_MUKbxYXhDErAAAK9.jpg" />
<file href="scormcontent/assets/cxpso7wiCEy1evd9_uv4sxJOHBkLBmsdz.jpg" />
<file href="scormcontent/assets/6nmLjCul35jj1ZKU_D649n7a4ON1cWOUT.jpg" />
<file href="scormcontent/assets/lFf5QOGZgCKWMZ6N_bQB4LuuJw0Ed6cqt.jpg" />
<file href="scormcontent/assets/oaqaCSpgYLgTIYPH_yOddA86LxvL-DHw3.jpg" />
<file href="scormcontent/assets/qBCpJLcMihkSJ6uA_km1e_0uy7fNnfXEE.jpg" />
<file href="scormcontent/assets/dIER5fC-DXLXekHB_JrhVlzMtMahrt90x.jpg" />
<file href="scormcontent/assets/N9O4UsGszCbbDLtV_zgSK3M2J3XuXlX_O.jpg" />
<file href="scormcontent/assets/XI1jz7CiZ0E-ykF7_gPLT091zJ0shRKw3.jpg" />
<file href="scormcontent/assets/NGsL0qJJL0BuwhCg_V0zRyLpLdFbXquBg.jpg" />
<file href="scormcontent/assets/FKlKCzcvtzNQrlwb_0ZzT6-fmny7ERSIW.jpg" />
<file href="scormcontent/assets/pPnuaU7FPR_pyxU6_i2EYTAI65s-YiOz2.png" />
<file href="scormcontent/assets/CgWg4WW7aAYhxDnx_DF6GHGtEt1EE5wz6.jpg" />
<file href="scormcontent/assets/tMI3YT1qI9ae4HxU_2_q2Ng4Snh8_dr7s.png" />
<file href="scormcontent/assets/lxAvW_sM4easGW10_BWfk4av5i6dj54a7.jpg" />
<file href="scormcontent/assets/DqvQqgd7LbXezufE_Z8FGsGfevtqLQziy.png" />
<file href="scormcontent/assets/XgC7-KrsDwefcpyK_j6XfCEt4kAP1a4J3.jpg" />
<file href="scormcontent/assets/50dabsg2qcggRkCW_-c2LoptYlm9mkG7L.jpg" />
<file href="scormcontent/assets/HxwM4h4K9Xu0jSZG_Q5jcPD-EG5VkE91T.png" />
<file href="scormcontent/assets/TgU9sRlqlKDPe8fg__O0bY_6FrgsprwVe.jpg" />
<file href="scormcontent/assets/g9_2WPfJG2TgH2Hu_0CzDKxrwNgZQbJ60.jpg" />
<file href="scormcontent/assets/DzEseHr8IRTGiwjE_-y-lkm8BiOsnYoGK.jpg" />
<file href="scormcontent/assets/X89YhoJ4lD7utZM8_21_abstract.jpg" />
<file href="scormcontent/assets/uq7eyG8yYqGQp5gm_example-header-image.jpg" />

    </resource>
  </resources>
</manifest>
